Frame;RCC;QTC;Bbox;qtc_arr1;qtc_arr2;qtc_arr3;bbox_arr1;bbox_arr2;bbox_arr3;bbox_arr4;bbox_arr5;bbox_arr6;bbox_arr7;bbox_arr8;bbox_arr9;bbox_arr10;bbox_arr11;bbox_arr12
1;DR;DR;DR;;;;177;347;101;61;289;334;103;73;408;340;91;64
2;DR;DR;DR;ST;ST;ST;177;347;101;61;289;334;103;73;408;340;91;64
3;DR;DR;DR;ST;ST;ST;177;347;101;61;289;334;103;73;408;340;91;64
4;DR;DR;DR;ST;ST;ST;177;347;101;61;289;334;103;73;408;340;91;64
5;DR;DR;DR;ST;ST;ST;177;347;101;61;289;334;103;73;408;340;91;64
6;DR;DR;DR;ST;ST;ST;177;347;101;61;289;334;103;73;408;340;91;64
7;DR;DR;DR;ST;ST;ST;177;347;101;61;289;334;103;73;408;340;91;64
8;DR;DR;DR;ST;ST;ST;177;347;101;61;289;334;103;73;408;340;91;64
9;DR;DR;DR;ST;ST;ST;177;347;101;61;289;334;103;73;408;340;91;64
10;DR;DR;DR;ST;ST;ST;177;347;101;61;289;334;103;73;408;340;91;64
11;DR;DR;DR;ST;ST;ST;177;347;101;61;289;334;103;73;408;340;91;64
12;DR;DR;DR;ST;ST;ST;177;347;101;61;289;334;103;73;408;340;91;64
13;DR;DR;DR;ST;ST;ST;177;347;101;61;289;334;103;73;408;340;91;64
14;DR;DR;DR;ST;ST;ST;177;347;101;61;289;334;103;73;408;340;91;64
15;DR;DR;DR;ST;ST;ST;177;347;101;61;289;334;103;73;408;340;91;64
16;DR;DR;DR;ST;ST;ST;177;347;101;61;289;334;103;73;408;340;91;64
17;DR;DR;DR;ST;ST;ST;177;347;101;61;289;334;103;73;408;340;91;64
18;DR;DR;DR;ST;ST;ST;177;347;101;61;289;334;103;73;408;340;91;64
19;DR;DR;DR;ST;ST;ST;177;347;101;61;289;334;103;73;408;340;91;64
20;DR;DR;DR;ST;ST;ST;177;347;101;61;289;334;103;73;408;340;91;64
21;DR;DR;DR;ST;ST;ST;177;347;101;61;289;334;103;73;408;340;91;64
22;DR;DR;DR;ST;ST;ST;177;347;101;61;289;334;103;73;408;340;91;64
23;DR;DR;DR;ST;ST;ST;177;347;101;61;289;334;103;73;408;340;91;64
24;DR;DR;DR;ST;ST;ST;177;347;101;61;289;334;103;73;408;340;91;64
25;DR;DR;DR;ST;ST;ST;177;347;101;61;289;334;103;73;408;340;91;64
26;DR;DR;DR;ST;ST;ST;177;347;101;61;289;334;103;73;408;340;91;64
27;DR;DR;DR;ST;ST;ST;177;347;101;61;289;334;103;73;408;340;91;64
28;DR;DR;DR;ST;ST;ST;177;347;101;61;289;334;103;73;408;340;91;64
29;DR;DR;DR;ST;ST;ST;177;347;101;61;289;334;103;73;408;340;91;64
30;DR;DR;DR;ST;ST;ST;177;347;101;61;289;334;103;73;408;340;91;64
31;DR;DR;DR;ST;ST;ST;177;347;101;61;289;334;103;73;408;340;91;64
32;DR;DR;DR;ST;ST;ST;177;347;101;61;289;334;103;73;408;340;91;64
33;DR;DR;DR;ST;ST;ST;177;347;101;61;289;334;103;73;408;340;91;64
34;DR;DR;DR;ST;ST;ST;177;347;101;61;289;334;103;73;408;340;91;64
35;DR;DR;DR;ST;ST;ST;177;347;101;61;289;334;103;73;408;340;91;64
36;DR;DR;DR;ST;ST;ST;177;347;101;61;289;334;103;73;408;340;91;64
37;DR;DR;DR;ST;ST;ST;177;347;101;61;289;334;103;73;408;340;91;64
38;DR;DR;DR;ST;ST;ST;177;347;101;61;289;334;103;73;408;340;91;64
39;DR;DR;DR;ST;ST;ST;177;347;101;61;289;334;103;73;408;340;91;64
40;DR;DR;DR;ST;ST;ST;177;347;101;61;289;334;103;73;408;340;91;64
41;DR;DR;DR;ST;ST;ST;177;347;101;61;289;334;103;73;408;340;91;64
42;DR;DR;DR;ST;ST;ST;177;347;101;61;289;334;103;73;408;340;91;64
43;DR;DR;DR;ST;ST;ST;177;347;101;61;289;334;103;73;408;340;91;64
44;DR;DR;DR;ST;ST;ST;177;347;101;61;289;334;103;73;408;340;91;64
45;DR;DR;DR;ST;ST;ST;177;347;101;61;289;334;103;73;408;340;91;64
46;DR;DR;DR;ST;ST;ST;177;347;101;61;289;334;103;73;408;340;91;64
47;DR;DR;DR;ST;ST;ST;177;347;101;61;289;334;103;73;408;340;91;64
48;DR;DR;DR;ST;ST;ST;177;347;101;61;289;334;103;73;408;340;91;64
49;DR;DR;DR;ST;ST;ST;177;347;101;61;289;334;103;73;408;340;91;64
50;DR;DR;DR;ST;ST;ST;177;347;101;61;289;334;103;73;408;340;91;64
51;DR;DR;DR;ST;ST;ST;177;347;101;61;289;334;103;73;408;340;91;64
52;DR;DR;DR;ST;ST;ST;177;347;101;61;289;334;103;73;408;340;91;64
53;DR;DR;DR;ST;ST;ST;177;347;101;61;289;334;103;73;408;340;91;64
54;DR;DR;DR;ST;ST;ST;177;347;101;61;289;334;103;73;408;340;91;64
55;DR;DR;DR;ST;ST;ST;177;347;101;61;289;334;103;73;408;340;91;64
56;DR;DR;DR;ST;ST;ST;177;347;101;61;289;334;103;73;408;340;91;64
57;DR;DR;DR;ST;ST;ST;177;347;101;61;289;334;103;73;408;340;91;64
58;DR;DR;DR;ST;ST;ST;177;347;101;61;289;334;103;73;408;340;91;64
59;DR;DR;DR;ST;ST;ST;177;347;101;61;289;334;103;73;408;340;91;64
60;DR;DR;DR;ST;ST;ST;177;347;101;61;289;334;103;73;408;340;91;64
61;DR;DR;DR;ST;ST;ST;177;347;101;61;289;334;103;73;408;340;91;64
62;DR;DR;DR;ST;ST;ST;177;347;101;61;289;334;103;73;408;340;91;64
63;DR;DR;DR;ST;ST;ST;177;347;101;61;289;334;103;73;408;340;91;64
64;DR;DR;DR;ST;ST;ST;177;347;101;61;289;334;103;73;408;340;91;64
65;DR;DR;DR;ST;ST;ST;177;347;101;61;289;334;103;73;408;340;91;64
66;DR;DR;DR;ST;ST;ST;177;347;101;61;289;334;103;73;408;340;91;64
67;DR;DR;DR;ST;ST;ST;177;347;101;61;289;334;103;73;408;340;91;64
68;DR;DR;DR;ST;ST;ST;177;347;101;61;289;334;103;73;408;340;91;64
69;DR;DR;DR;ST;ST;ST;177;347;101;61;289;334;103;73;408;340;91;64
70;DR;DR;DR;ST;ST;ST;177;347;101;61;289;334;103;73;408;340;91;64
71;DR;DR;DR;ST;ST;ST;176;344;102;72;289;334;103;73;408;340;91;64
72;DR;DR;DR;ST;ST;ST;176;344;102;72;289;334;103;73;408;340;91;64
73;DR;DR;DR;ST;ST;ST;176;344;102;72;289;334;103;73;408;340;91;64
74;DR;DR;DR;ST;ST;ST;176;344;102;72;289;334;103;73;408;340;91;64
75;DR;DR;DR;ST;ST;ST;176;344;102;72;289;334;103;73;408;340;91;64
76;DR;DR;DR;ST;ST;ST;176;344;102;72;289;334;103;73;408;340;91;64
77;DR;DR;DR;ST;ST;ST;176;344;102;72;289;334;103;73;408;340;91;64
78;DR;DR;DR;ST;ST;ST;176;344;102;72;289;334;103;73;408;340;91;64
79;DR;DR;DR;ST;ST;ST;176;344;102;72;289;334;103;73;408;340;91;64
80;DR;DR;DR;ST;ST;ST;176;344;102;72;289;334;103;73;408;340;91;64
81;DR;DR;DR;ST;ST;ST;176;344;102;72;289;334;103;73;408;340;91;64
82;DR;DR;DR;ST;ST;ST;176;344;102;72;289;334;103;73;408;340;91;64
83;DR;DR;DR;ST;ST;ST;176;344;102;72;289;334;103;73;408;340;91;64
84;DR;DR;DR;ST;ST;ST;176;344;102;72;289;334;103;73;408;340;91;64
85;DR;DR;DR;ST;ST;ST;176;344;102;72;289;334;103;73;408;340;91;64
86;DR;DR;DR;ST;ST;ST;176;344;102;72;289;334;103;73;408;340;91;64
87;DR;DR;DR;ST;ST;ST;176;344;102;72;289;334;103;73;408;340;91;64
88;DR;DR;DR;ST;ST;ST;176;344;102;72;289;334;103;73;408;340;91;64
89;DR;DR;DR;ST;ST;ST;176;343;102;71;289;334;103;73;408;340;91;64
90;DR;DR;DR;ST;ST;ST;176;342;102;69;289;334;103;73;408;340;91;64
91;DR;DR;DR;ST;ST;ST;175;340;103;68;289;334;103;73;408;340;91;64
92;DR;DR;DR;ST;ST;ST;175;338;103;67;289;334;103;73;408;340;91;64
93;DR;DR;DR;ST;ST;ST;175;336;103;65;289;334;103;73;408;340;91;64
94;DR;DR;DR;ST;ST;ST;175;334;103;63;289;334;103;73;408;340;91;64
95;DR;DR;DR;ST;ST;ST;176;332;102;61;289;334;103;73;408;340;91;64
96;DR;DR;DR;AP;AP;ST;176;330;103;59;289;334;103;73;408;340;91;64
97;DR;DR;DR;AP;AP;ST;177;327;102;58;289;334;103;73;408;340;91;64
98;DR;DR;DR;AP;AP;ST;179;324;101;57;289;334;103;73;408;340;91;64
99;DR;DR;DR;AP;AP;ST;180;321;101;57;289;334;103;73;408;340;91;64
100;DR;DR;DR;AP;AP;ST;182;318;100;56;289;334;103;73;408;340;91;64
101;DR;DR;DR;AP;AP;ST;172;301;105;63;289;334;103;73;408;340;91;64
102;DR;DR;DR;AP;AP;ST;174;299;105;60;289;334;103;73;408;340;91;64
103;DR;DR;DR;AP;AP;ST;176;297;106;57;289;334;103;73;408;340;91;64
104;DR;DR;DR;AP;AP;ST;178;295;107;54;289;334;103;73;408;340;91;64
105;DR;DR;DR;AP;AP;ST;182;292;105;54;289;334;103;73;408;340;91;64
106;DR;DR;DR;AP;AP;ST;185;289;105;53;289;334;103;73;408;340;91;64
107;DR;DR;DR;AP;AP;ST;189;286;104;54;289;334;103;73;408;340;91;64
108;DR;DR;DR;AP;AP;ST;193;283;103;55;289;334;103;73;408;340;91;64
109;DR;DR;DR;AP;AP;ST;197;280;102;56;289;334;103;73;408;340;91;64
110;DR;DR;DR;AP;AP;ST;201;278;102;56;289;334;103;73;408;340;91;64
111;DR;DR;DR;AP;AP;ST;206;276;101;56;289;334;103;73;408;340;91;64
112;DR;DR;DR;AP;AP;ST;211;274;100;56;289;334;103;73;408;340;91;64
113;DR;DR;DR;AP;AP;ST;216;273;100;55;289;334;103;73;408;340;91;64
114;DR;DR;DR;AP;AP;ST;221;272;100;54;289;334;103;73;408;340;91;64
115;DR;DR;DR;AP;AP;ST;226;272;100;53;289;334;103;73;408;340;91;64
116;DR;DR;DR;AP;AP;ST;232;272;99;52;289;334;103;73;408;340;91;64
117;DR;DR;DR;AP;AP;ST;237;273;100;50;289;334;103;73;408;340;91;64
118;DR;DR;DR;AP;AP;ST;243;272;99;51;289;334;103;73;408;340;91;64
119;DR;DR;DR;AP;AP;ST;252;274;90;46;289;334;103;73;408;340;91;64
120;DR;DR;DR;AP;AP;ST;240;268;96;58;289;334;103;73;408;340;91;64
121;DR;DR;DR;AP;AP;ST;245;269;97;58;289;334;103;73;408;340;91;64
122;DR;DR;DR;AP;AP;ST;250;270;98;58;289;334;103;73;408;340;91;64
123;DR;DR;DR;AP;AP;ST;255;271;99;57;289;334;103;73;408;340;91;64
124;DR;DR;DR;AP;AP;ST;260;272;98;57;289;334;103;73;408;340;91;64
125;DR;DR;DR;AP;AP;ST;264;273;99;57;289;334;103;73;408;340;91;64
126;DR;DR;DR;AP;AP;ST;269;272;99;62;289;334;103;73;408;340;91;64
127;DR;DR;DR;AP;AP;ST;272;273;101;63;289;334;103;73;408;340;91;64
128;DR;DR;DR;AP;AP;ST;276;274;100;64;289;334;103;73;408;340;91;64
129;DR;DR;DR;AP;AP;ST;280;276;99;63;289;334;103;73;408;340;91;64
130;DR;DR;DR;AP;AP;ST;283;279;99;62;289;334;103;73;408;340;91;64
131;DR;DR;DR;AP;AP;ST;286;282;98;60;289;334;103;73;408;340;91;64
132;DR;DR;DR;AP;AP;ST;289;284;97;60;289;334;103;73;408;340;91;64
133;DR;DR;DR;AP;AP;ST;292;287;96;60;289;334;103;73;408;340;91;64
134;DR;DR;DR;AP;AP;ST;294;290;96;60;289;334;103;73;408;340;91;64
135;DR;DR;DR;AP;AP;ST;296;294;96;58;289;334;103;73;408;340;91;64
136;DR;DR;DR;AP;AP;ST;289;283;92;54;292;338;96;71;408;340;91;64
137;DR;DR;DR;AP;AP;ST;291;285;92;56;292;338;96;71;408;340;91;64
138;DR;DR;DR;AP;AP;ST;293;287;91;58;292;338;96;71;408;340;91;64
139;DR;DR;DR;AP;AP;ST;294;289;91;60;292;338;96;71;408;340;91;64
140;DR;DR;DR;AP;AP;ST;295;292;91;60;292;338;96;71;408;340;91;64
141;DR;DR;DR;AP;AP;ST;296;295;91;60;292;338;96;71;408;340;91;64
142;DR;DR;DR;AP;AP;ST;296;297;93;62;292;338;96;71;408;340;91;64
143;DR;DR;DR;AP;AP;ST;296;299;94;64;292;338;96;71;408;340;91;64
144;DR;DR;DR;AP;AP;ST;297;302;94;64;293;341;95;68;408;340;91;64
145;DR;DR;DR;AP;AP;ST;298;305;94;64;294;344;94;65;408;340;91;64
146;DR;DR;DR;AP;AP;ST;299;307;94;65;294;346;95;63;408;340;91;64
147;DR;DR;DR;AP;AP;ST;301;309;92;66;295;349;95;60;408;340;91;64
148;DR;DR;DR;AP;AP;ST;302;311;92;66;295;351;96;58;408;340;91;64
149;PO;DR;DR;AP;AP;ST;303;313;92;67;296;353;95;56;408;340;91;64
150;PO;DR;DR;AP;AP;ST;304;314;92;69;297;351;94;59;408;340;91;64
151;PO;DR;DR;AP;AP;ST;298;310;90;56;291;363;93;44;408;340;91;64
152;PO;DR;DR;AP;AP;ST;300;310;88;59;291;363;93;44;408;340;91;64
153;PO;DR;DR;AP;AP;ST;301;311;88;61;291;363;93;44;408;340;91;64
154;PO;DR;DR;AP;AP;ST;302;312;87;63;291;363;93;44;408;340;91;64
155;PO;DR;DR;AP;AP;ST;304;313;85;64;291;363;93;44;408;340;91;64
156;PO;DR;DR;AP;AP;ST;305;314;85;65;291;363;93;44;408;340;91;64
157;PO;DR;DR;AP;AP;ST;305;314;85;65;291;363;93;44;408;340;91;64
158;PO;DR;DR;AP;AP;ST;307;315;83;66;291;363;93;44;408;340;91;64
159;PO;DR;DR;AP;AP;ST;307;315;83;66;291;363;93;44;408;340;91;64
160;PO;DR;DR;AP;AP;ST;307;315;83;66;291;363;93;44;408;340;91;64
161;PO;DR;DR;AP;AP;ST;307;315;83;66;294;361;96;42;408;340;91;64
162;PO;DR;DR;ST;ST;ST;307;315;83;66;294;361;96;42;408;340;91;64
163;PO;DR;DR;ST;ST;ST;307;315;83;66;294;361;96;42;408;340;91;64
164;PP;DR;DR;ST;ST;ST;307;315;83;66;294;361;96;42;408;340;91;64
165;PP;DR;DR;ST;ST;ST;308;315;81;70;294;361;96;42;408;340;91;64
166;PP;DR;DR;ST;ST;ST;308;316;82;71;294;361;96;42;408;340;91;64
167;PP;DR;DR;ST;ST;ST;308;317;83;72;294;361;96;42;408;340;91;64
168;PP;DR;DR;ST;ST;ST;307;319;84;70;294;361;96;42;408;340;91;64
169;PP;DR;DR;ST;ST;ST;307;319;84;70;294;361;96;42;408;340;91;64
170;PP;DR;DR;ST;ST;ST;307;319;84;70;294;361;96;42;408;340;91;64
171;PP;DR;DR;ST;ST;ST;297;320;89;50;294;361;96;42;408;340;91;64
172;PP;DR;DR;ST;ST;ST;297;320;89;50;294;361;96;42;408;340;91;64
173;PP;DR;DR;ST;ST;ST;297;320;89;50;294;361;96;42;408;340;91;64
174;PP;DR;DR;ST;ST;ST;297;320;89;50;294;361;96;42;408;340;91;64
175;PP;DR;DR;ST;ST;ST;297;320;89;50;294;361;96;42;408;340;91;64
176;PP;DR;DR;ST;ST;ST;297;320;89;50;294;361;96;42;408;340;91;64
177;PP;DR;DR;ST;ST;ST;297;320;89;50;294;361;96;42;408;340;91;64
178;PP;DR;DR;ST;ST;ST;298;322;88;47;294;361;96;42;408;340;91;64
179;PP;DR;DR;ST;ST;ST;298;322;88;47;294;361;96;42;408;340;91;64
180;PP;DR;DR;ST;ST;ST;298;322;88;47;294;361;96;42;408;340;91;64
181;PP;DR;DR;ST;ST;ST;298;322;88;47;294;361;96;42;408;340;91;64
182;PP;DR;DR;ST;ST;ST;298;322;88;47;294;361;96;42;408;340;91;64
183;PP;DR;DR;ST;ST;ST;298;322;88;47;294;361;96;42;408;340;91;64
184;PP;DR;DR;ST;ST;ST;298;322;88;47;294;361;96;42;408;340;91;64
185;PP;DR;DR;ST;ST;ST;299;322;88;49;294;361;96;42;408;340;91;64
186;PP;DR;DR;ST;ST;ST;299;322;88;49;294;361;96;42;408;340;91;64
187;PP;DR;DR;ST;ST;ST;299;322;88;49;294;361;96;42;408;340;91;64
188;PP;DR;DR;ST;ST;ST;299;322;88;49;294;361;96;42;408;340;91;64
189;PP;DR;DR;ST;ST;ST;299;322;88;49;294;361;96;42;408;340;91;64
190;PP;DR;DR;ST;ST;ST;299;322;88;49;294;361;96;42;408;340;91;64
191;PP;DR;DR;ST;ST;ST;299;322;88;49;294;361;96;42;408;340;91;64
192;PP;DR;DR;ST;ST;ST;299;322;88;51;294;361;96;42;408;340;91;64
193;PP;DR;DR;ST;ST;ST;299;322;88;51;294;361;96;42;408;340;91;64
194;PP;DR;DR;ST;ST;ST;299;322;88;51;294;361;96;42;408;340;91;64
195;PP;DR;DR;ST;ST;ST;299;322;88;51;294;361;96;42;408;340;91;64
196;PP;DR;DR;ST;ST;ST;299;322;88;51;294;361;96;42;408;340;91;64
197;PP;DR;DR;ST;ST;ST;299;322;88;51;294;361;96;42;408;340;91;64
198;PP;DR;DR;ST;ST;ST;299;322;88;51;294;361;96;42;408;340;91;64
199;PP;DR;DR;ST;ST;ST;299;322;88;51;294;361;96;42;408;340;91;64
200;PP;DR;DR;ST;ST;ST;299;322;88;51;294;361;96;42;408;340;91;64
201;PP;DR;DR;ST;ST;ST;297;322;92;52;294;361;96;42;408;340;91;64
202;PP;DR;DR;ST;ST;ST;297;323;94;51;294;361;96;42;408;340;91;64
203;PP;DR;DR;ST;ST;ST;297;323;94;51;294;361;96;42;408;340;91;64
204;PP;DR;DR;ST;ST;ST;297;323;94;51;294;361;96;42;408;340;91;64
205;PP;DR;DR;ST;ST;ST;297;323;94;51;294;361;96;42;408;340;91;64
206;PP;DR;DR;ST;ST;ST;297;323;94;51;294;361;96;42;408;340;91;64
207;PP;DR;DR;ST;ST;ST;297;323;94;51;294;361;96;42;408;340;91;64
208;PP;DR;DR;ST;ST;ST;297;323;94;51;294;361;96;42;408;340;91;64
209;PP;DR;DR;ST;ST;ST;297;323;94;51;294;361;96;42;408;340;91;64
210;PP;DR;DR;ST;ST;ST;297;324;93;53;294;361;96;42;408;340;91;64
211;PP;DR;DR;ST;ST;ST;297;325;94;56;294;361;96;42;408;340;91;64
212;PP;DR;DR;ST;ST;ST;298;327;93;54;294;361;96;42;408;340;91;64
213;PP;DR;DR;ST;ST;ST;298;327;93;54;294;361;96;42;408;340;91;64
214;PP;DR;DR;ST;ST;ST;298;327;93;54;294;361;96;42;408;340;91;64
215;PP;DR;DR;ST;ST;ST;299;326;92;57;294;361;96;42;408;340;91;64
216;PP;DR;DR;ST;ST;ST;299;326;92;57;294;361;96;42;408;340;91;64
217;PP;DR;DR;ST;ST;ST;299;326;92;57;294;361;96;42;408;340;91;64
218;PP;DR;DR;ST;ST;ST;299;326;92;57;294;361;96;42;408;340;91;64
219;PP;DR;DR;ST;ST;ST;299;326;92;57;294;361;96;42;408;340;91;64
220;PP;DR;DR;ST;ST;ST;299;326;92;57;294;361;96;42;408;340;91;64
221;PP;DR;DR;ST;ST;ST;299;326;92;57;294;361;96;42;408;340;91;64
222;PP;DR;DR;ST;ST;ST;299;326;92;57;294;361;96;42;408;340;91;64
223;PP;DR;DR;ST;ST;ST;299;326;92;57;294;361;96;42;408;340;91;64
224;PP;DR;DR;ST;ST;ST;299;326;92;57;294;361;96;42;408;340;91;64
225;PP;DR;DR;ST;ST;ST;299;326;92;57;294;361;96;42;408;340;91;64
226;PP;DR;DR;ST;ST;ST;299;326;92;57;294;361;96;42;408;340;91;64
227;PP;DR;DR;ST;ST;ST;299;328;93;54;294;361;96;42;408;340;91;64
228;PP;DR;DR;ST;ST;ST;299;328;93;54;294;361;96;42;408;340;91;64
229;PP;DR;DR;ST;ST;ST;299;328;93;54;294;361;96;42;408;340;91;64
230;PP;DR;DR;ST;ST;ST;299;328;93;54;294;361;96;42;408;340;91;64
231;PP;DR;DR;ST;ST;ST;297;329;92;43;294;361;96;42;408;340;91;64
232;PP;DR;DR;ST;ST;ST;297;329;92;43;294;361;96;42;408;340;91;64
233;PP;DR;DR;ST;ST;ST;297;329;92;43;294;361;96;42;408;340;91;64
234;PP;DR;DR;ST;ST;ST;297;329;92;43;294;361;96;42;408;340;91;64
235;PP;DR;DR;ST;ST;ST;297;329;92;43;294;361;96;42;408;340;91;64
236;PP;DR;DR;ST;ST;ST;297;329;92;43;294;361;96;42;408;340;91;64
237;PP;DR;DR;ST;ST;ST;297;329;92;43;294;361;96;42;408;340;91;64
238;PP;DR;DR;ST;ST;ST;297;329;92;43;294;361;96;42;408;340;91;64
239;PP;DR;DR;ST;ST;ST;297;329;92;43;294;361;96;42;408;340;91;64
240;PP;DR;DR;ST;ST;ST;297;329;92;43;294;361;96;42;408;340;91;64
241;PP;DR;DR;ST;ST;ST;297;329;92;43;294;361;96;42;408;340;91;64
242;PP;DR;DR;ST;ST;ST;297;329;92;43;294;361;96;42;408;340;91;64
243;PP;DR;DR;ST;ST;ST;297;329;92;43;294;361;96;42;408;340;91;64
244;PP;DR;DR;ST;ST;ST;297;329;92;43;294;361;96;42;408;340;91;64
245;PP;DR;DR;ST;ST;ST;297;329;92;43;294;361;96;42;408;340;91;64
246;PP;DR;DR;ST;ST;ST;297;329;92;43;294;361;96;42;408;340;91;64
247;PP;DR;DR;ST;ST;ST;297;329;92;43;294;361;96;42;408;340;91;64
248;PP;DR;DR;ST;ST;ST;297;329;92;43;294;361;96;42;408;340;91;64
249;PP;DR;DR;ST;ST;ST;297;329;92;43;294;361;96;42;408;340;91;64
250;PP;DR;DR;ST;ST;ST;297;329;92;43;294;361;96;42;408;340;91;64
251;PP;DR;DR;ST;ST;ST;297;329;92;43;294;361;96;42;408;340;91;64
252;PP;DR;DR;ST;ST;ST;297;329;92;43;294;361;96;42;408;340;91;64
253;PP;DR;DR;ST;ST;ST;297;329;92;43;294;361;96;42;408;340;91;64
254;PP;DR;DR;ST;ST;ST;297;329;92;43;294;361;96;42;408;340;91;64
255;PP;DR;DR;ST;ST;ST;297;329;92;43;294;361;96;42;408;340;91;64
256;PP;DR;DR;ST;ST;ST;297;329;92;43;294;361;96;42;408;340;91;64
257;PP;DR;DR;ST;ST;ST;297;329;92;43;294;361;96;42;408;340;91;64
258;PP;DR;DR;ST;ST;ST;297;329;92;43;294;361;96;42;408;340;91;64
259;PP;DR;DR;ST;ST;ST;297;329;92;43;294;361;96;42;408;340;91;64
260;PP;DR;DR;ST;ST;ST;297;329;92;43;294;361;96;42;408;340;91;64
261;PP;DR;DR;ST;ST;ST;297;329;92;43;294;361;96;42;408;340;95;62
262;PP;DR;DR;ST;ST;ST;297;329;92;43;294;361;96;42;408;340;95;62
263;PP;DR;DR;ST;ST;ST;297;329;92;43;294;361;96;42;408;340;95;62
264;PP;DR;DR;ST;ST;ST;297;329;92;43;294;361;96;42;408;340;95;62
265;PP;DR;DR;ST;ST;ST;297;329;92;43;294;361;96;42;408;340;95;62
266;PP;DR;DR;ST;ST;ST;297;329;92;43;294;361;96;42;408;340;95;62
267;PP;DR;DR;ST;ST;ST;297;329;92;43;294;361;96;42;408;340;95;62
268;PP;DR;DR;ST;ST;ST;297;329;92;43;294;361;96;42;408;340;95;62
269;PP;DR;DR;ST;ST;ST;297;329;92;43;294;361;96;42;408;340;95;62
270;PP;DR;DR;ST;ST;ST;297;329;92;43;294;361;96;42;410;340;93;62
271;PP;DR;DR;ST;ST;ST;297;329;92;43;294;361;96;42;412;340;92;61
272;PP;DR;DR;ST;ST;ST;297;329;92;43;294;361;96;42;412;340;92;61
273;PP;DR;DR;ST;ST;ST;297;329;92;43;294;361;96;42;413;339;92;60
274;PP;DR;DR;ST;ST;ST;297;329;92;43;294;361;96;42;414;338;93;57
275;PP;DR;DR;ST;ST;ST;297;329;92;43;294;361;96;42;415;336;93;54
276;PP;DR;DR;ST;ST;ST;297;329;92;43;294;361;96;42;417;334;92;51
277;PP;DR;DR;ST;ST;ST;297;329;92;43;294;361;96;42;419;331;92;49
278;PP;DR;DR;ST;AP;AP;297;329;92;43;294;361;96;42;420;327;93;48
279;PP;DR;DR;ST;AP;AP;297;329;92;43;294;361;96;42;422;325;92;44
280;PP;DR;DR;ST;AP;AP;297;329;92;43;294;361;96;42;423;321;91;43
281;PP;DR;DR;ST;AP;AP;297;329;92;43;294;361;96;42;425;315;87;45
282;PP;DR;DR;ST;AP;AP;297;329;92;43;294;361;96;42;425;305;85;56
283;PP;DR;DR;ST;AP;AP;297;329;92;43;294;361;96;42;425;301;83;55
284;PP;DR;DR;ST;AP;AP;297;329;92;43;294;361;96;42;424;296;81;55
285;PP;DR;DR;ST;AP;AP;297;329;92;43;294;361;96;42;421;291;80;54
286;PP;DR;DR;ST;AP;AP;297;329;92;43;294;361;96;42;418;286;78;54
287;PP;DR;DR;ST;AP;AP;297;329;92;43;294;361;96;42;413;282;79;54
288;PP;DR;DR;ST;AP;AP;297;329;92;43;294;361;96;42;407;279;80;53
289;PP;DR;DR;ST;AP;AP;297;329;92;43;294;361;96;42;394;273;81;54
290;PP;DR;DR;ST;AP;AP;297;329;92;43;294;361;96;42;387;271;80;55
291;PP;DR;DR;ST;AP;AP;297;329;92;43;294;361;96;42;380;270;79;55
292;PP;DR;DR;ST;AP;AP;297;329;92;43;294;361;96;42;374;269;77;57
293;PP;DR;DR;ST;AP;AP;297;329;92;43;294;361;96;42;367;271;75;54
294;PP;DR;DR;ST;AP;AP;297;329;92;43;294;361;96;42;347;264;93;52
295;PP;DR;DR;ST;AP;AP;297;329;92;43;294;361;96;42;340;267;94;49
296;PP;DR;DR;ST;AP;AP;297;329;92;43;294;361;96;42;334;269;93;49
297;PP;DR;DR;ST;AP;AP;297;329;92;43;294;361;96;42;331;276;89;38
298;PP;DR;DR;ST;AP;AP;297;329;92;43;294;361;96;42;309;286;88;38
299;PP;DR;DR;ST;AP;AP;297;329;92;43;294;361;96;42;308;271;84;59
300;PP;DR;DR;ST;AP;AP;297;329;92;43;294;361;96;42;306;274;84;60
301;PP;DR;DR;ST;AP;AP;299;331;84;43;294;361;96;42;306;276;88;59
302;PP;DR;DR;ST;AP;AP;299;331;84;43;294;361;96;42;304;278;89;62
303;PP;DR;DR;ST;AP;AP;299;331;84;43;294;361;96;42;303;279;88;67
304;PP;DR;DR;ST;AP;AP;299;331;84;43;294;361;96;42;303;281;87;69
305;PP;DR;DR;ST;AP;AP;299;331;84;43;294;361;96;42;302;284;88;68
306;PP;DR;DR;ST;AP;AP;299;331;84;43;294;361;96;42;302;286;87;69
307;PP;DR;DR;ST;AP;AP;299;331;84;43;294;361;96;42;302;289;87;68
308;PP;DR;DR;ST;AP;AP;299;334;86;40;294;361;96;42;301;292;89;67
309;PP;PO;PO;ST;AP;AP;300;336;85;37;294;361;96;42;301;295;90;66
310;PP;PO;PO;ST;AP;AP;301;339;85;33;294;361;96;42;301;297;91;67
311;PP;PO;PO;ST;AP;AP;0;0;0;0;294;361;96;42;301;300;92;65
312;PP;PO;PO;ST;AP;AP;0;0;0;0;294;361;96;42;301;303;93;63
313;PP;PO;PO;ST;AP;AP;0;0;0;0;294;361;96;42;301;306;94;61
314;PP;PO;PO;ST;AP;AP;0;0;0;0;294;361;96;42;302;308;93;60
315;PP;PO;PO;ST;AP;AP;0;0;0;0;294;361;96;42;302;310;94;59
316;PP;PO;PO;ST;AP;AP;0;0;0;0;294;361;96;42;303;312;93;57
317;PP;PO;PO;ST;AP;AP;0;0;0;0;294;361;96;42;303;314;93;56
318;PP;PO;PO;ST;AP;AP;0;0;0;0;294;361;96;42;303;316;94;55
319;PP;PO;PO;ST;AP;AP;0;0;0;0;294;361;96;42;303;318;94;53
320;PP;PO;PO;ST;AP;AP;0;0;0;0;294;361;96;42;302;320;96;53
321;PP;PO;PO;ST;AP;AP;0;0;0;0;294;361;96;42;302;324;97;49
322;PP;PO;PO;ST;AP;AP;0;0;0;0;294;361;96;42;303;326;97;47
323;PP;PO;PO;ST;AP;AP;0;0;0;0;294;361;96;42;304;328;96;46
324;PP;PO;PO;ST;AP;AP;0;0;0;0;294;361;96;42;304;330;97;45
325;0;0;PO;ST;AP;AP;0;0;0;0;294;361;96;42;305;332;96;43
326;0;0;PO;ST;AP;AP;0;0;0;0;294;361;96;42;306;333;96;44
327;0;0;PO;ST;AP;AP;0;0;0;0;294;361;96;42;306;335;98;42
328;0;0;PO;ST;AP;AP;0;0;0;0;294;361;96;42;306;336;99;43
329;0;0;PO;ST;AP;AP;0;0;0;0;294;361;96;42;306;337;100;44
330;0;0;PO;ST;AP;AP;0;0;0;0;294;361;96;42;306;337;100;44
331;0;0;PO;ST;AP;AP;0;0;0;0;294;361;96;42;295;316;86;55
332;0;0;PO;ST;AP;AP;0;0;0;0;294;361;96;42;295;318;87;53
333;0;0;PO;ST;AP;AP;0;0;0;0;294;361;96;42;295;318;87;53
334;0;0;PO;ST;AP;AP;0;0;0;0;294;361;96;42;295;318;87;53
335;0;0;PO;ST;AP;AP;0;0;0;0;294;361;96;42;295;318;87;53
336;0;0;PP;ST;AP;AP;0;0;0;0;294;361;96;42;296;318;86;55
337;0;0;PP;ST;AP;AP;0;0;0;0;294;361;96;42;296;318;86;55
338;0;0;PP;ST;AP;AP;0;0;0;0;294;361;96;42;296;318;86;55
339;0;0;PP;ST;AP;AP;0;0;0;0;294;361;96;42;296;318;86;55
340;0;0;PP;ST;AP;AP;0;0;0;0;294;361;96;42;296;318;86;55
341;0;0;PP;ST;AP;AP;0;0;0;0;294;361;96;42;296;325;84;44
342;0;0;PP;ST;AP;AP;0;0;0;0;294;361;96;42;298;326;82;44
343;0;0;PP;ST;AP;AP;0;0;0;0;294;361;96;42;298;326;82;44
344;0;0;PP;ST;AP;AP;0;0;0;0;294;361;96;42;298;326;82;44
345;0;0;PP;ST;AP;AP;0;0;0;0;294;361;96;42;298;326;82;44
346;0;0;PP;ST;AP;AP;0;0;0;0;294;361;96;42;298;326;82;44
347;0;0;PP;ST;AP;AP;0;0;0;0;294;361;96;42;298;326;82;44
348;0;0;PP;ST;AP;AP;0;0;0;0;294;361;96;42;298;326;82;44
349;0;0;PP;ST;AP;AP;0;0;0;0;294;361;96;42;298;326;82;44
350;0;0;PP;ST;AP;AP;0;0;0;0;294;361;96;42;298;326;82;44
351;0;0;PP;ST;AP;AP;0;0;0;0;294;361;96;42;301;329;81;44
352;0;0;PP;ST;AP;AP;0;0;0;0;294;361;96;42;301;329;81;44
353;0;0;PP;ST;AP;AP;0;0;0;0;294;361;96;42;301;329;81;44
354;0;0;PP;ST;AP;AP;0;0;0;0;294;361;96;42;301;329;81;44
355;0;0;PP;ST;AP;AP;0;0;0;0;294;361;96;42;301;329;81;44
356;0;0;PP;ST;AP;AP;0;0;0;0;294;361;96;42;301;329;81;44
357;0;0;PP;ST;AP;AP;0;0;0;0;294;361;96;42;301;329;81;44
358;0;0;PP;ST;AP;AP;0;0;0;0;294;361;96;42;301;329;81;44
359;0;0;PP;ST;AP;AP;0;0;0;0;294;361;96;42;301;329;81;44
360;0;0;PP;ST;AP;AP;0;0;0;0;294;361;96;42;301;329;81;44
361;0;0;PP;ST;ST;ST;0;0;0;0;294;361;96;42;301;329;81;44
362;0;0;PP;ST;ST;ST;0;0;0;0;294;361;96;42;301;329;81;44
363;0;0;PP;ST;ST;ST;0;0;0;0;294;361;96;42;301;329;81;44
364;0;0;PP;ST;ST;ST;0;0;0;0;294;361;96;42;301;329;81;44
365;0;0;PP;ST;ST;ST;0;0;0;0;294;361;96;42;301;329;81;44
366;0;0;PP;ST;ST;ST;0;0;0;0;294;361;96;42;301;329;81;44
367;0;0;PP;ST;ST;ST;0;0;0;0;294;361;96;42;302;329;80;46
368;0;0;PP;ST;ST;ST;0;0;0;0;294;361;96;42;302;329;80;46
369;0;0;PP;ST;ST;ST;0;0;0;0;294;361;96;42;302;329;80;46
370;0;0;PP;ST;ST;ST;0;0;0;0;294;361;96;42;302;329;80;46
371;0;0;PP;ST;ST;ST;0;0;0;0;294;361;96;42;302;329;80;46
372;0;0;PP;ST;ST;ST;0;0;0;0;294;361;96;42;302;329;80;46
373;0;0;PP;ST;ST;ST;0;0;0;0;294;361;96;42;302;329;80;46
374;0;0;PP;ST;ST;ST;0;0;0;0;294;361;96;42;302;329;80;46
375;0;0;PP;ST;ST;ST;0;0;0;0;294;361;96;42;302;329;80;46
376;0;0;PP;ST;ST;ST;0;0;0;0;294;361;96;42;302;329;80;46
377;0;0;PP;ST;ST;ST;0;0;0;0;294;361;96;42;302;329;80;46
378;0;0;PP;ST;ST;ST;0;0;0;0;294;361;96;42;302;329;80;46
379;0;0;PP;ST;ST;ST;0;0;0;0;294;361;96;42;302;329;80;46
380;0;0;PP;ST;ST;ST;0;0;0;0;294;361;96;42;302;329;80;46
381;0;0;PP;ST;ST;ST;0;0;0;0;294;361;96;42;302;329;80;46
382;0;0;PP;ST;ST;ST;0;0;0;0;294;361;96;42;302;329;80;46
383;0;0;PP;ST;ST;ST;0;0;0;0;294;361;96;42;302;329;80;46
384;0;0;PP;ST;ST;ST;0;0;0;0;294;361;96;42;302;329;80;46
385;0;0;PP;ST;ST;ST;0;0;0;0;294;361;96;42;302;329;80;46
386;0;0;PP;ST;ST;ST;0;0;0;0;294;361;96;42;302;329;80;46
387;0;0;PP;ST;ST;ST;0;0;0;0;294;361;96;42;302;329;80;46
388;0;0;PP;ST;ST;ST;0;0;0;0;294;361;96;42;302;329;80;46
389;0;0;PP;ST;ST;ST;0;0;0;0;294;361;96;42;302;329;80;46
390;0;0;PP;ST;ST;ST;0;0;0;0;294;361;96;42;302;329;80;46
391;0;0;PP;ST;ST;ST;0;0;0;0;294;361;96;42;302;329;80;46
392;0;0;PP;ST;ST;ST;0;0;0;0;294;361;96;42;302;329;80;46
393;0;0;PP;ST;ST;ST;0;0;0;0;294;361;96;42;302;329;80;46
394;0;0;PP;ST;ST;ST;0;0;0;0;294;361;96;42;302;329;80;46
395;0;0;PP;ST;ST;ST;0;0;0;0;294;361;96;42;302;329;80;46
396;0;0;PP;ST;ST;ST;0;0;0;0;294;361;96;42;302;329;80;46
397;0;0;PP;ST;ST;ST;0;0;0;0;294;361;96;42;302;329;80;46
398;0;0;PP;ST;ST;ST;0;0;0;0;294;361;96;42;302;329;80;46
399;0;0;PP;ST;ST;ST;0;0;0;0;294;361;96;42;302;329;80;46
400;0;0;PP;ST;ST;ST;0;0;0;0;294;361;96;42;302;329;80;46
401;0;0;PP;ST;ST;ST;0;0;0;0;294;361;96;42;295;328;89;45
402;0;0;PP;ST;ST;ST;0;0;0;0;294;361;96;42;295;328;89;45
403;0;0;PP;ST;ST;ST;0;0;0;0;294;361;96;42;295;328;89;45
404;0;0;PP;ST;ST;ST;0;0;0;0;294;361;96;42;295;328;89;45
405;0;0;PP;ST;ST;ST;0;0;0;0;294;361;96;42;295;328;89;45
406;0;0;PP;ST;ST;ST;0;0;0;0;294;361;96;42;295;328;89;45
407;0;0;PP;ST;ST;ST;0;0;0;0;294;361;96;42;295;328;89;45
408;0;0;PP;ST;ST;ST;0;0;0;0;294;361;96;42;295;328;89;45
409;0;0;PP;ST;ST;ST;0;0;0;0;294;361;96;42;295;328;89;45
410;0;0;PP;ST;ST;ST;0;0;0;0;294;361;96;42;295;328;89;45
411;0;0;PP;ST;ST;ST;0;0;0;0;294;361;96;42;295;328;89;45
