Frame;RCC_1_2;RCC_1_3;RCC_2_3;QTC_1_2;QTC_1_3;QTC_2_3;X_1;Y_1;W_1;H_1;X_2;Y_2;W_2;H_2;X_3;Y_3;W_3;H_3
1;0;PP;0;;;;219;331;78;38;0;0;0;0;206;358;100;55
2;0;PP;0;ST;ST;ST;219;331;78;38;0;0;0;0;206;358;100;55
3;0;PP;0;ST;ST;ST;219;331;78;38;0;0;0;0;206;358;100;55
4;0;PP;0;ST;ST;ST;219;331;78;38;0;0;0;0;206;358;100;55
5;0;PP;0;ST;ST;ST;219;331;78;38;0;0;0;0;206;358;100;55
6;0;PP;0;ST;ST;ST;219;331;78;38;0;0;0;0;206;358;100;55
7;0;PP;0;ST;ST;ST;219;331;78;38;0;0;0;0;206;358;100;55
8;0;PP;0;ST;ST;ST;219;331;78;38;0;0;0;0;206;358;100;55
9;0;PP;0;ST;ST;ST;219;331;78;38;0;0;0;0;206;358;100;55
10;0;PP;0;ST;ST;ST;219;331;78;38;0;0;0;0;206;358;100;55
11;0;PP;0;ST;ST;ST;219;331;78;38;0;0;0;0;206;358;100;55
12;0;PP;0;ST;ST;ST;219;331;78;38;0;0;0;0;206;358;100;55
13;0;PP;0;ST;ST;ST;219;331;78;38;0;0;0;0;206;358;100;55
14;0;PP;0;ST;ST;ST;219;331;78;38;0;0;0;0;206;358;100;55
15;0;PP;0;ST;ST;ST;219;331;78;38;0;0;0;0;206;358;100;55
16;0;PP;0;ST;ST;ST;219;331;78;38;0;0;0;0;206;358;100;55
17;0;PP;0;ST;ST;ST;219;331;78;38;0;0;0;0;206;358;100;55
18;0;PP;0;ST;ST;ST;219;331;78;38;0;0;0;0;206;358;100;55
19;0;PP;0;ST;ST;ST;219;331;78;38;0;0;0;0;206;358;100;55
20;0;PP;0;ST;ST;ST;219;331;78;38;0;0;0;0;206;358;100;55
21;0;PP;0;ST;ST;ST;219;331;78;38;0;0;0;0;206;358;100;55
22;0;PP;0;ST;ST;ST;219;331;78;38;0;0;0;0;206;358;100;55
23;0;PP;0;ST;ST;ST;219;331;78;38;0;0;0;0;206;358;100;55
24;0;PP;0;ST;ST;ST;219;331;78;38;0;0;0;0;206;358;100;55
25;0;PP;0;ST;ST;ST;219;331;78;38;0;0;0;0;206;358;100;55
26;0;PP;0;ST;ST;ST;219;331;78;38;0;0;0;0;206;358;100;55
27;0;PP;0;ST;ST;ST;219;331;78;38;0;0;0;0;206;358;100;55
28;0;PP;0;ST;ST;ST;219;331;78;38;0;0;0;0;206;358;100;55
29;0;PP;0;ST;ST;ST;219;331;78;38;0;0;0;0;206;358;100;55
30;0;PP;0;ST;ST;ST;219;331;78;38;0;0;0;0;206;358;100;55
31;0;PP;0;ST;ST;ST;219;331;78;38;0;0;0;0;206;358;100;55
32;0;PP;0;ST;ST;ST;219;331;78;38;0;0;0;0;206;358;100;55
33;0;PP;0;ST;ST;ST;219;331;78;38;0;0;0;0;206;358;100;55
34;0;PP;0;ST;ST;ST;219;331;78;38;0;0;0;0;206;358;100;55
35;0;PP;0;ST;ST;ST;219;331;78;38;0;0;0;0;206;358;100;55
36;0;PP;0;ST;ST;ST;219;331;78;38;0;0;0;0;206;358;100;55
37;0;PP;0;ST;ST;ST;219;331;78;38;0;0;0;0;206;358;100;55
38;0;PP;0;ST;ST;ST;219;331;78;38;0;0;0;0;206;358;100;55
39;0;PP;0;ST;ST;ST;219;331;78;38;0;0;0;0;206;358;100;55
40;0;PP;0;ST;ST;ST;219;331;78;38;0;0;0;0;206;358;100;55
41;0;PP;0;ST;ST;ST;219;331;78;38;0;0;0;0;206;358;100;55
42;0;PP;0;ST;ST;ST;219;331;78;38;0;0;0;0;206;358;100;55
43;0;PP;0;ST;ST;ST;219;331;78;38;0;0;0;0;206;358;100;55
44;0;PP;0;ST;ST;ST;219;331;78;38;0;0;0;0;206;358;100;55
45;0;PP;0;ST;ST;ST;219;331;78;38;0;0;0;0;206;358;100;55
46;0;PP;0;ST;ST;ST;219;331;78;38;0;0;0;0;206;358;100;55
47;0;PP;0;ST;ST;ST;219;331;78;38;0;0;0;0;206;358;100;55
48;0;PP;0;ST;ST;ST;219;331;78;38;0;0;0;0;206;358;100;55
49;0;PP;0;ST;ST;ST;219;331;78;38;0;0;0;0;206;358;100;55
50;0;PP;0;ST;ST;ST;219;331;78;38;0;0;0;0;206;358;100;55
51;0;PP;0;ST;ST;ST;219;331;78;38;0;0;0;0;206;358;100;55
52;0;PP;0;ST;ST;ST;219;331;78;38;0;0;0;0;206;358;100;55
53;0;PP;0;ST;ST;ST;219;331;78;38;0;0;0;0;206;358;100;55
54;0;PP;0;ST;ST;ST;219;331;78;38;0;0;0;0;206;358;100;55
55;0;PP;0;ST;ST;ST;219;331;78;38;0;0;0;0;206;358;100;55
56;0;PP;0;ST;ST;ST;219;331;78;38;0;0;0;0;206;358;100;55
57;0;PP;0;ST;ST;ST;219;331;78;38;0;0;0;0;206;358;100;55
58;0;PP;0;ST;ST;ST;219;331;78;38;0;0;0;0;206;358;100;55
59;0;PP;0;ST;ST;ST;219;331;78;38;0;0;0;0;206;358;100;55
60;0;PP;0;ST;ST;ST;219;331;78;38;0;0;0;0;206;358;100;55
61;0;PP;0;ST;ST;ST;219;331;78;38;0;0;0;0;206;358;100;55
62;0;PP;0;ST;ST;ST;219;331;78;38;0;0;0;0;206;358;100;55
63;0;PP;0;ST;ST;ST;219;331;78;38;0;0;0;0;206;358;100;55
64;0;PP;0;ST;ST;ST;219;331;78;38;0;0;0;0;206;358;100;55
65;0;PP;0;ST;ST;ST;219;331;78;38;0;0;0;0;206;358;100;55
66;0;PP;0;ST;ST;ST;219;331;78;38;0;0;0;0;206;358;100;55
67;0;PP;0;ST;ST;ST;219;331;78;38;0;0;0;0;206;358;100;55
68;0;PP;0;ST;ST;ST;219;331;78;38;0;0;0;0;206;358;100;55
69;0;PP;0;ST;ST;ST;219;331;78;38;0;0;0;0;206;358;100;55
70;0;PP;0;ST;ST;ST;219;331;78;38;0;0;0;0;206;358;100;55
71;0;PP;0;ST;ST;ST;212;331;87;43;0;0;0;0;206;358;100;55
72;0;PP;0;ST;ST;ST;212;331;87;43;0;0;0;0;206;358;100;55
73;0;PP;0;ST;ST;ST;212;331;87;43;0;0;0;0;206;358;100;55
74;0;PP;0;ST;ST;ST;218;330;80;45;0;0;0;0;206;358;100;55
75;0;PP;0;ST;ST;ST;216;329;83;46;0;0;0;0;206;358;100;55
76;0;PP;0;ST;ST;ST;218;329;81;46;0;0;0;0;206;358;100;55
77;0;PP;0;ST;ST;ST;222;329;73;45;0;0;0;0;206;358;100;55
78;0;PP;0;ST;ST;ST;222;328;73;44;0;0;0;0;206;358;100;55
79;0;PP;0;ST;ST;ST;226;324;68;48;0;0;0;0;206;358;100;55
80;0;PP;0;ST;ST;ST;228;322;66;48;0;0;0;0;206;358;100;55
81;0;PP;0;ST;ST;ST;218;322;75;49;0;0;0;0;206;358;100;55
82;0;PP;0;ST;ST;ST;219;320;75;48;0;0;0;0;206;358;100;55
83;0;PP;0;ST;ST;ST;222;315;71;53;0;0;0;0;206;358;100;55
84;0;PP;0;ST;ST;ST;223;313;71;52;0;0;0;0;206;358;100;55
85;0;PP;0;DE;DE;ST;224;311;72;50;218;344;84;27;206;358;100;55
86;0;PP;0;DE;DE;ST;226;307;71;50;225;338;77;30;206;358;100;55
87;PO;PO;PP;DE;DE;ST;230;303;67;51;216;340;89;36;206;358;100;55
88;PO;PO;PP;DE;DE;ST;232;299;68;51;214;338;84;35;206;358;100;55
89;PO;PO;PP;DE;DE;ST;236;296;66;50;214;338;84;35;206;358;100;55
90;PO;PO;PP;DE;DE;ST;240;291;64;55;216;331;91;43;206;358;100;55
91;PO;PO;PP;DE;DE;ST;232;279;72;64;216;331;91;43;206;358;100;55
92;DR;DR;PP;DE;DE;ST;237;277;70;65;216;331;91;43;206;358;100;55
93;DR;DR;PP;DE;DE;ST;242;275;69;66;216;331;91;43;206;358;100;55
94;DR;DR;PP;DE;DE;ST;247;274;68;66;216;331;91;43;206;358;100;55
95;DR;DR;PP;DE;DE;ST;253;273;66;67;216;331;91;43;206;358;100;55
96;DR;DR;PP;DE;DE;ST;260;273;63;67;216;331;91;43;206;358;100;55
97;DR;DR;PP;DE;DE;ST;265;273;63;67;216;331;91;43;206;358;100;55
98;DR;DR;PP;DE;DE;ST;269;274;66;65;216;331;91;43;206;358;100;55
99;DR;DR;PP;DE;DE;ST;272;275;70;64;216;331;91;43;206;358;100;55
100;DR;DR;PP;DE;DE;ST;279;277;69;62;216;331;91;43;206;358;100;55
101;DR;DR;PP;DE;DE;ST;270;277;93;61;216;331;91;43;206;358;100;55
102;DR;DR;PP;DE;DE;ST;275;279;95;60;216;331;91;43;206;358;100;55
103;DR;DR;PP;DE;DE;ST;281;282;96;59;216;331;91;43;206;358;100;55
104;DR;DR;PP;DE;DE;ST;289;285;95;60;216;331;91;43;206;358;100;55
105;DR;DR;PP;DE;DE;ST;296;288;95;62;216;331;91;43;206;358;100;55
106;DR;DR;PP;DE;DE;ST;302;291;95;64;216;331;91;43;206;358;100;55
107;DR;DR;PP;DE;DE;ST;308;294;95;68;216;331;91;43;206;358;100;55
108;DR;DR;PP;DE;DE;ST;302;299;95;63;216;331;91;43;206;358;100;55
109;DR;DR;PP;DE;DE;ST;307;302;94;68;216;331;91;43;206;358;100;55
110;DR;DR;PP;DE;DE;ST;317;308;91;57;216;331;91;43;206;358;100;55
111;DR;DR;PP;DE;DE;ST;319;313;94;57;216;331;91;43;206;358;100;55
112;DR;DR;PP;DE;DE;ST;321;317;95;58;216;331;91;43;206;358;100;55
113;DR;DR;PP;DE;DE;ST;323;321;96;59;216;331;91;43;206;358;100;55
114;DR;DR;PP;DE;DE;ST;324;325;98;59;216;331;91;43;206;358;100;55
115;DR;DR;PP;DE;DE;ST;326;329;98;60;216;331;91;43;206;358;100;55
116;DR;DR;PP;DE;DE;ST;328;333;98;62;216;331;91;43;206;358;100;55
117;DR;DR;PP;DE;DE;ST;327;335;93;65;216;331;91;43;206;358;100;55
118;DR;DR;PP;DE;DE;ST;328;338;94;68;216;331;91;43;206;358;100;55
119;DR;DR;PP;DE;DE;ST;322;338;96;71;216;331;91;43;206;358;100;55
120;DR;DR;PP;DE;DE;ST;329;343;88;67;216;331;91;43;206;358;100;55
121;DR;DR;PP;DE;DE;ST;330;346;89;67;216;331;91;43;206;358;100;55
122;DR;DR;PP;DE;DE;ST;332;349;89;66;216;331;91;43;206;358;100;55
123;DR;DR;PP;DE;DE;ST;333;352;90;65;216;331;91;43;206;358;100;55
124;DR;DR;PP;DE;DE;ST;334;354;91;65;216;331;91;43;206;358;100;55
125;DR;DR;PP;DE;DE;ST;337;356;90;65;216;331;91;43;206;358;100;55
126;DR;DR;PP;DE;DE;ST;339;358;90;65;216;331;91;43;206;358;100;55
127;DR;DR;PP;DE;DE;ST;341;360;90;65;216;331;91;43;206;358;100;55
128;DR;DR;PP;DE;DE;ST;343;362;90;65;216;331;91;43;206;358;100;55
129;DR;DR;PP;ST;ST;ST;344;363;91;66;216;331;91;43;206;358;100;55
130;DR;DR;PP;ST;ST;ST;346;365;90;66;216;331;91;43;206;358;100;55
131;DR;DR;PP;ST;ST;ST;348;367;88;66;216;331;91;43;206;358;100;55
132;DR;DR;PP;ST;ST;ST;349;368;88;67;216;331;91;43;206;358;100;55
133;DR;DR;PP;ST;ST;ST;349;368;88;67;216;331;91;43;206;358;100;55
134;DR;DR;PP;ST;ST;ST;349;368;88;67;216;331;91;43;206;358;100;55
135;DR;DR;PP;ST;ST;ST;349;368;88;67;216;331;91;43;206;358;100;55
136;DR;DR;PP;ST;ST;ST;349;368;88;67;216;331;91;43;206;358;100;55
137;DR;DR;PP;ST;ST;ST;349;368;88;67;216;331;91;43;206;358;100;55
138;DR;DR;PP;ST;ST;ST;349;368;88;67;216;331;91;43;206;358;100;55
139;DR;DR;PP;ST;ST;ST;349;368;88;67;216;331;91;43;206;358;100;55
140;DR;DR;PP;ST;ST;ST;349;368;88;67;216;331;91;43;206;358;100;55
141;DR;DR;PP;ST;ST;ST;349;368;88;67;216;331;91;43;206;358;100;55
142;DR;DR;PP;ST;ST;ST;349;368;88;67;216;331;91;43;206;358;100;55
143;DR;DR;PP;ST;ST;ST;349;368;88;67;216;331;91;43;206;358;100;55
144;DR;DR;PP;ST;ST;ST;349;368;88;67;216;331;91;43;206;358;100;55
145;DR;DR;PP;ST;ST;ST;349;368;88;67;216;331;91;43;206;358;100;55
146;DR;DR;PP;ST;ST;ST;349;368;88;67;216;331;91;43;206;358;100;55
147;DR;DR;PP;ST;ST;ST;349;368;88;67;216;331;91;43;206;358;100;55
148;DR;DR;PP;ST;ST;ST;349;368;88;67;216;331;91;43;206;358;100;55
149;DR;DR;PP;ST;ST;ST;349;368;88;67;216;331;91;43;206;358;100;55
150;DR;DR;PP;ST;ST;ST;349;368;88;67;216;331;91;43;206;358;100;55
151;DR;DR;PP;ST;ST;ST;336;361;103;70;216;331;91;43;206;358;100;55
152;DR;DR;PP;ST;ST;ST;336;361;103;70;216;331;91;43;206;358;100;55
153;DR;DR;PP;ST;ST;ST;336;361;103;70;216;331;91;43;206;358;100;55
154;DR;DR;PP;ST;ST;ST;336;361;103;70;216;331;91;43;206;358;100;55
155;DR;DR;PP;ST;ST;ST;336;361;103;70;216;331;91;43;206;358;100;55
156;DR;DR;PP;ST;ST;ST;336;361;103;70;216;331;91;43;206;358;100;55
157;DR;DR;PP;ST;ST;ST;336;361;103;70;216;331;91;43;206;358;100;55
158;DR;DR;PP;ST;ST;ST;336;361;103;70;216;331;91;43;206;358;100;55
159;DR;DR;PP;ST;ST;ST;336;361;103;70;216;331;91;43;206;358;100;55
160;DR;DR;PP;ST;ST;ST;336;361;103;70;216;331;91;43;206;358;100;55
161;DR;DR;PP;ST;ST;ST;336;361;103;70;216;331;91;43;206;358;100;55
162;DR;DR;PP;ST;ST;ST;336;361;103;70;216;331;91;43;206;358;100;55
163;DR;DR;PP;ST;ST;ST;336;361;103;70;216;331;91;43;206;358;100;55
164;DR;DR;PP;ST;ST;ST;336;361;103;70;216;331;91;43;206;358;100;55
165;DR;DR;PP;ST;ST;ST;336;361;103;70;216;331;91;43;206;358;100;55
166;DR;DR;PP;ST;ST;ST;336;361;103;70;216;331;91;43;206;358;100;55
167;DR;DR;PP;ST;ST;ST;336;361;103;70;216;331;91;43;206;358;100;55
168;DR;DR;PP;ST;ST;ST;336;361;103;70;216;331;91;43;206;358;100;55
169;DR;DR;PP;ST;ST;ST;336;361;103;70;216;331;91;43;206;358;100;55
170;DR;DR;PP;ST;ST;ST;336;361;103;70;216;331;91;43;206;358;100;55
171;DR;DR;PP;ST;ST;ST;336;361;103;70;216;331;91;43;206;358;100;55
172;DR;DR;PP;ST;ST;ST;336;361;103;70;216;331;91;43;206;358;100;55
173;DR;DR;PP;ST;ST;ST;336;361;103;70;216;331;91;43;206;358;100;55
174;DR;DR;PP;ST;ST;ST;336;361;103;70;216;331;91;43;206;358;100;55
175;DR;DR;PP;ST;ST;ST;336;361;103;70;216;331;91;43;206;358;100;55
176;DR;DR;PP;ST;ST;ST;336;361;103;70;216;331;91;43;206;358;100;55
177;DR;DR;PP;ST;ST;ST;336;361;103;70;216;331;91;43;206;358;100;55
178;DR;DR;PP;ST;ST;ST;336;361;103;70;216;331;91;43;206;358;100;55
179;DR;DR;PP;ST;ST;ST;336;361;103;70;216;331;91;43;206;358;100;55
180;DR;DR;PP;ST;ST;ST;336;361;103;70;216;331;91;43;206;358;100;55
181;DR;DR;PP;ST;ST;ST;336;361;103;70;216;331;91;43;206;358;100;55
182;DR;DR;PP;ST;ST;ST;336;361;103;70;216;331;91;43;206;358;100;55
183;DR;DR;PP;ST;ST;ST;336;361;103;70;216;331;91;43;206;358;100;55
184;DR;DR;PP;ST;ST;ST;336;361;103;70;216;331;91;43;206;358;100;55
185;DR;DR;PP;ST;ST;ST;336;361;103;70;216;331;91;43;206;358;100;55
186;DR;DR;PP;ST;ST;ST;336;361;103;70;216;331;91;43;206;358;100;55
187;DR;DR;PP;ST;ST;ST;336;361;103;70;216;331;91;43;206;358;100;55
188;DR;DR;PP;ST;ST;ST;336;361;103;70;216;331;91;43;206;358;100;55
189;DR;DR;PP;ST;ST;ST;336;361;103;70;216;331;91;43;206;358;100;55
190;DR;DR;PP;ST;ST;ST;336;361;103;70;211;333;91;39;206;358;100;55
191;DR;DR;PP;ST;ST;ST;336;361;103;70;211;333;91;39;206;358;100;55
192;DR;DR;PP;ST;ST;ST;336;361;103;70;212;330;91;44;206;358;100;55
193;DR;DR;PP;ST;ST;ST;336;361;103;70;212;330;91;44;206;358;100;55
194;DR;DR;PP;ST;ST;ST;336;361;103;70;212;330;91;44;206;358;100;55
195;DR;DR;PP;ST;ST;ST;336;361;103;70;212;330;91;44;206;358;100;55
196;DR;DR;PP;ST;ST;ST;336;361;103;70;212;330;91;44;206;358;100;55
197;DR;DR;PP;ST;ST;ST;336;361;103;70;212;330;91;44;206;358;100;55
198;DR;DR;PP;ST;ST;ST;336;361;103;70;212;330;91;44;206;358;100;55
199;DR;DR;PP;ST;ST;ST;336;361;103;70;212;330;91;44;206;358;100;55
200;DR;DR;PP;ST;ST;ST;336;361;103;70;212;330;91;44;206;358;100;55
201;DR;DR;PP;ST;ST;ST;336;361;103;70;210;313;94;62;206;358;100;55
202;DR;DR;PP;ST;ST;ST;336;361;103;70;210;313;94;62;206;358;100;55
203;DR;DR;PP;ST;ST;ST;336;361;103;70;210;313;94;62;206;358;100;55
204;DR;DR;PP;ST;ST;ST;336;361;103;70;210;313;94;62;206;358;100;55
205;DR;DR;PP;ST;ST;ST;336;361;103;70;210;313;94;62;206;358;100;55
206;DR;DR;PP;ST;ST;ST;336;361;103;70;210;313;94;62;206;358;100;55
207;DR;DR;PP;ST;ST;ST;336;361;103;70;210;313;94;62;206;358;100;55
208;DR;DR;PP;ST;ST;ST;336;361;103;70;210;313;94;62;206;358;100;55
209;DR;DR;PP;ST;ST;ST;336;361;103;70;210;313;94;62;206;358;100;55
210;DR;DR;PP;ST;ST;ST;336;361;103;70;210;313;94;62;206;358;100;55
211;DR;DR;PO;ST;ST;ST;336;361;103;70;210;312;94;59;206;358;100;55
212;DR;DR;PO;ST;ST;ST;336;361;103;70;210;312;94;59;206;358;100;55
213;DR;DR;PO;ST;ST;ST;336;361;103;70;210;312;94;59;206;358;100;55
214;DR;DR;PO;ST;ST;ST;336;361;103;70;210;312;94;59;206;358;100;55
215;DR;DR;PO;ST;ST;ST;336;361;103;70;210;312;94;59;206;358;100;55
216;DR;DR;PO;ST;ST;ST;336;361;103;70;210;312;94;59;206;358;100;55
217;DR;DR;PO;ST;ST;ST;336;361;103;70;210;312;94;59;206;358;100;55
218;DR;DR;PO;ST;ST;ST;336;361;103;70;211;311;94;58;206;358;100;55
219;DR;DR;PO;DE;ST;DE;336;361;103;70;212;310;94;57;206;358;100;55
220;DR;DR;PO;DE;ST;DE;336;361;103;70;213;309;94;56;206;358;100;55
221;DR;DR;PO;DE;ST;DE;336;361;103;70;203;295;101;73;212;349;96;57
222;DR;DR;PO;DE;ST;DE;336;361;103;70;204;293;101;74;215;348;93;59
223;DR;DR;PO;DE;ST;DE;336;361;103;70;205;292;101;73;215;348;93;59
224;DR;DR;PO;DE;ST;DE;336;361;103;70;207;291;100;73;215;348;93;59
225;DR;DR;PO;DE;ST;DE;336;361;103;70;208;290;100;72;215;348;93;59
226;DR;DR;PO;DE;ST;DE;336;361;103;70;209;288;99;72;215;348;93;59
227;DR;DR;PO;DE;ST;DE;336;361;103;70;210;286;99;72;215;348;93;59
228;DR;DR;PO;DE;ST;DE;336;361;103;70;211;285;99;71;215;348;93;59
229;DR;DR;PO;DE;ST;DE;336;361;103;70;212;282;99;73;215;348;93;59
230;DR;DR;PO;DE;ST;DE;336;361;103;70;213;280;99;74;215;348;93;59
231;DR;DR;PO;DE;ST;DE;336;361;103;70;213;279;100;72;211;337;102;68
232;DR;DR;PO;DE;ST;DE;336;361;103;70;214;277;99;73;211;337;102;68
233;DR;DR;PO;DE;ST;DE;336;361;103;70;215;275;98;75;211;337;102;68
234;DR;DR;DR;DE;ST;DE;336;361;103;70;215;273;98;77;211;337;102;68
235;DR;DR;DR;DE;ST;DE;336;361;103;70;215;273;98;77;211;337;102;68
236;DR;DR;DR;DE;ST;DE;336;361;103;70;215;273;98;77;211;337;102;68
237;DR;DR;DR;DE;ST;DE;336;361;103;70;215;273;98;77;211;337;102;68
238;DR;DR;DR;DE;ST;DE;336;361;103;70;215;273;98;77;211;337;102;68
239;DR;DR;DR;DE;ST;DE;336;361;103;70;215;273;98;77;211;337;102;68
240;DR;DR;DR;DE;ST;DE;336;361;103;70;215;273;98;77;211;337;102;68
241;DR;DR;DR;DE;ST;DE;336;361;103;70;215;273;98;77;204;330;109;80
242;DR;DR;DR;DE;ST;DE;336;361;103;70;215;273;98;77;204;330;109;80
243;DR;DR;DR;DE;ST;DE;336;361;103;70;215;273;98;77;204;330;109;80
244;DR;DR;DR;DE;ST;DE;336;361;103;70;213;273;99;77;204;330;109;80
245;DR;DR;DR;DE;ST;DE;336;361;103;70;211;273;100;78;204;330;109;80
246;DR;DR;DR;DE;ST;DE;336;361;103;70;209;273;101;78;204;330;109;80
247;DR;DR;DR;DE;ST;DE;336;361;103;70;206;273;103;78;204;330;109;80
248;DR;DR;DR;DE;ST;DE;336;361;103;70;203;273;105;79;204;330;109;80
249;DR;DR;DR;DE;ST;DE;336;361;103;70;199;274;109;78;204;330;109;80
250;DR;DR;DR;DE;ST;DE;336;361;103;70;195;275;113;78;204;330;109;80
251;DR;DR;DR;DE;ST;DE;336;361;103;70;170;267;106;64;204;330;109;80
252;DR;DR;DR;DE;ST;DE;336;361;103;70;165;268;107;64;204;330;109;80
253;DR;DR;DR;DE;ST;DE;336;361;103;70;159;269;110;65;204;330;109;80
254;DR;DR;DR;DE;ST;DE;336;361;103;70;154;270;111;66;204;330;109;80
255;DR;DR;DR;DE;ST;DE;336;361;103;70;149;271;110;67;204;330;109;80
256;DR;DR;DR;DE;ST;DE;336;361;103;70;145;271;108;69;204;330;109;80
257;DR;DR;DR;DE;ST;DE;336;361;103;70;136;273;117;68;204;330;109;80
258;DR;DR;DR;DE;ST;DE;336;361;103;70;129;276;121;66;204;330;109;80
259;DR;DR;DR;DE;ST;DE;336;361;103;70;113;279;100;91;204;330;109;80
260;DR;DR;DR;DE;ST;DE;336;361;103;70;111;280;98;98;204;330;109;80
261;DR;DR;DR;DE;ST;DE;336;361;103;70;109;282;96;104;204;330;109;80
262;DR;DR;DR;DE;ST;DE;336;361;103;70;105;285;102;106;204;330;109;80
263;DR;DR;DR;DE;ST;DE;336;361;103;70;107;286;102;81;204;330;109;80
264;DR;DR;DR;DE;ST;DE;336;361;103;70;107;288;101;85;204;330;109;80
265;DR;DR;DR;DE;ST;DE;336;361;103;70;105;291;104;86;204;330;109;80
266;DR;DR;DR;DE;ST;DE;336;361;103;70;102;296;109;84;204;330;109;80
267;DR;DR;DR;DE;ST;DE;336;361;103;70;101;300;112;83;204;330;109;80
268;DR;DR;DR;DE;ST;DE;336;361;103;70;101;304;113;82;204;330;109;80
269;DR;DR;DR;DE;ST;DE;336;361;103;70;102;307;113;82;204;330;109;80
270;DR;DR;DR;DE;ST;DE;336;361;103;70;103;310;112;82;204;330;109;80
271;DR;DR;DR;DE;ST;DE;336;361;103;70;105;313;110;82;204;330;109;80
272;DR;DR;DR;DE;ST;DE;336;361;103;70;101;320;117;76;204;330;109;80
273;DR;DR;DR;DE;ST;DE;336;361;103;70;101;322;119;77;204;330;109;80
274;DR;DR;DR;DE;ST;DE;336;361;103;70;101;327;120;79;204;330;109;80
275;DR;DR;DR;DE;ST;DE;336;361;103;70;98;331;123;76;204;330;109;80
276;DR;DR;DR;DE;ST;DE;336;361;103;70;98;332;123;77;204;330;109;80
277;DR;DR;DR;DE;ST;DE;336;361;103;70;98;333;124;78;204;330;109;80
278;DR;DR;DR;DE;ST;DE;336;361;103;70;99;334;123;79;204;330;109;80
279;DR;DR;DR;DE;ST;DE;336;361;103;70;99;337;123;77;204;330;109;80
280;DR;DR;DR;DE;ST;DE;336;361;103;70;99;339;124;76;204;330;109;80
281;DR;DR;DR;DE;ST;DE;336;361;103;70;102;328;105;83;204;330;109;80
282;DR;DR;DR;DE;ST;DE;336;361;103;70;102;328;105;83;204;330;109;80
283;DR;DR;DR;DE;ST;DE;336;361;103;70;103;328;104;85;204;330;109;80
284;DR;DR;DR;DE;ST;DE;336;361;103;70;103;328;104;85;204;330;109;80
285;DR;DR;DR;DE;ST;DE;336;361;103;70;103;328;104;85;204;330;109;80
286;DR;DR;DR;DE;ST;DE;336;361;103;70;103;328;104;85;204;330;109;80
287;DR;DR;DR;DE;ST;DE;336;361;103;70;103;328;104;85;204;330;109;80
288;DR;DR;DR;DE;ST;DE;336;361;103;70;103;328;104;85;204;330;109;80
289;DR;DR;DR;DE;ST;DE;336;361;103;70;103;328;104;85;204;330;109;80
290;DR;DR;DR;DE;ST;DE;336;361;103;70;103;328;104;85;204;330;109;80
291;DR;DR;DR;DE;ST;DE;336;361;103;70;103;328;104;85;204;330;109;80
292;DR;DR;DR;DE;ST;DE;336;361;103;70;103;328;104;85;204;330;109;80
293;DR;DR;DR;DE;ST;DE;336;361;103;70;103;328;104;85;204;330;109;80
294;DR;DR;DR;DE;ST;DE;336;361;103;70;103;328;104;85;204;330;109;80
295;DR;DR;DR;DE;ST;DE;336;361;103;70;103;328;104;85;204;330;109;80
296;DR;DR;DR;DE;ST;DE;336;361;103;70;103;328;104;85;204;330;109;80
297;DR;DR;DR;DE;ST;DE;336;361;103;70;105;330;102;83;204;330;109;80
298;DR;DR;DR;DE;ST;DE;336;361;103;70;105;330;102;83;204;330;109;80
299;DR;DR;DR;DE;ST;DE;336;361;103;70;105;330;102;83;204;330;109;80
300;DR;DR;DR;DE;ST;DE;336;361;103;70;105;330;102;83;204;330;109;80
301;DR;DR;DR;DE;ST;DE;336;361;103;70;100;325;105;90;204;330;109;80
302;DR;DR;DR;DE;ST;DE;336;361;103;70;102;326;103;90;204;330;109;80
303;DR;DR;DR;DE;ST;DE;336;361;103;70;102;326;103;90;204;330;109;80
304;DR;DR;DR;DE;ST;DE;336;361;103;70;102;326;103;90;204;330;109;80
305;DR;DR;DR;DE;ST;DE;336;361;103;70;102;326;103;90;204;330;109;80
306;DR;DR;DR;DE;ST;DE;336;361;103;70;102;326;103;90;204;330;109;80
307;DR;DR;DR;DE;ST;DE;336;361;103;70;102;326;103;90;204;330;109;80
308;DR;DR;DR;DE;ST;DE;336;361;103;70;102;326;103;90;204;330;109;80
309;DR;DR;DR;DE;ST;DE;336;361;103;70;102;326;103;90;204;330;109;80
310;DR;DR;DR;DE;ST;DE;336;361;103;70;102;326;103;90;204;330;109;80
311;DR;DR;DR;DE;ST;DE;336;361;103;70;102;326;103;90;204;330;109;80
312;DR;DR;DR;DE;ST;DE;336;361;103;70;104;327;101;89;204;330;109;80
313;DR;DR;DR;DE;ST;DE;336;361;103;70;104;327;101;89;204;330;109;80
314;DR;DR;DR;DE;ST;DE;336;361;103;70;104;327;101;89;204;330;109;80
315;DR;DR;DR;DE;ST;DE;336;361;103;70;105;329;101;87;204;330;109;80
316;DR;DR;DR;DE;ST;DE;336;361;103;70;106;331;101;85;204;330;109;80
317;DR;DR;DR;DE;ST;DE;336;361;103;70;106;331;101;85;204;330;109;80
318;DR;DR;DR;DE;ST;DE;336;361;103;70;106;331;101;85;204;330;109;80
319;DR;DR;DR;DE;ST;DE;336;361;103;70;106;331;101;85;204;330;109;80
320;DR;DR;DR;DE;ST;DE;336;361;103;70;106;331;101;85;204;330;109;80
321;DR;DR;DR;DE;ST;DE;336;361;103;70;111;343;94;72;204;330;109;80
322;DR;DR;DR;DE;ST;DE;336;361;103;70;111;343;94;72;204;330;109;80
323;DR;DR;DR;DE;ST;DE;336;361;103;70;111;343;94;72;204;330;109;80
324;DR;DR;DR;DE;ST;DE;336;361;103;70;111;343;94;72;204;330;109;80
325;DR;DR;DR;DE;ST;DE;336;361;103;70;111;343;94;72;204;330;109;80
326;DR;DR;DR;DE;ST;DE;336;361;103;70;111;343;94;72;204;330;109;80
327;DR;DR;DR;ST;AP;DE;336;361;103;70;111;343;94;72;204;330;109;80
328;DR;DR;DR;ST;AP;DE;336;361;103;70;111;343;94;72;204;330;109;80
329;DR;DR;DR;ST;AP;DE;336;361;103;70;111;343;94;72;204;330;109;80
330;DR;DR;DR;ST;AP;DE;336;361;103;70;111;343;94;72;204;330;109;80
331;DR;DR;DR;ST;AP;DE;336;361;103;70;111;343;94;72;204;330;109;80
332;DR;DR;DR;ST;AP;DE;336;361;103;70;111;343;94;72;204;330;109;80
333;DR;DR;DR;ST;AP;DE;336;361;103;70;111;343;94;72;204;330;109;80
334;DR;DR;DR;ST;AP;DE;336;361;103;70;111;343;94;72;204;330;109;80
335;DR;DR;DR;ST;AP;DE;336;361;103;70;111;343;94;72;204;330;109;80
336;DR;DR;DR;ST;AP;DE;336;361;103;70;111;343;94;72;204;330;109;80
337;DR;DR;DR;ST;AP;DE;336;361;103;70;111;343;94;72;204;330;109;80
338;DR;DR;DR;ST;AP;DE;336;361;103;70;111;343;94;72;204;330;109;80
339;DR;DR;DR;ST;AP;DE;336;361;103;70;111;343;94;72;204;330;109;80
340;DR;DR;DR;ST;AP;DE;336;361;103;70;111;343;94;72;204;330;109;80
341;DR;DR;DR;ST;AP;DE;336;361;103;70;111;343;94;72;204;330;109;80
342;DR;DR;DR;ST;AP;DE;336;361;103;70;111;343;94;72;204;330;109;80
343;DR;DR;DR;ST;AP;DE;336;361;103;70;111;343;94;72;204;330;109;80
344;DR;DR;DR;ST;AP;DE;336;361;103;70;111;343;94;72;204;330;109;80
345;DR;DR;DR;ST;AP;DE;336;361;103;70;111;343;94;72;204;330;109;80
346;DR;DR;DR;ST;AP;DE;336;361;103;70;111;343;94;72;204;330;109;80
347;DR;DR;DR;ST;AP;DE;336;361;103;70;111;343;94;72;204;330;109;80
348;DR;DR;DR;ST;AP;DE;336;361;103;70;111;343;94;72;204;330;109;80
349;DR;DR;DR;ST;AP;DE;336;361;103;70;111;343;94;72;204;330;109;80
350;DR;DR;DR;ST;AP;DE;336;361;103;70;111;343;94;72;204;330;109;80
351;DR;DR;DR;ST;AP;DE;336;361;103;70;111;343;94;72;204;330;109;80
352;DR;DR;DR;ST;AP;DE;336;361;103;70;111;343;94;72;204;330;109;80
353;DR;DR;DR;ST;AP;DE;336;361;103;70;111;343;94;72;204;330;109;80
354;DR;DR;DR;ST;AP;DE;336;361;103;70;111;343;94;72;204;330;109;80
355;DR;DR;DR;ST;AP;DE;336;361;103;70;111;343;94;72;204;330;109;80
356;DR;DR;DR;ST;AP;DE;336;361;103;70;111;343;94;72;204;330;109;80
357;DR;DR;DR;ST;ST;ST;336;361;103;70;111;343;94;72;204;330;109;80
358;DR;DR;DR;ST;ST;ST;336;361;103;70;111;343;94;72;204;330;109;80
359;DR;DR;DR;ST;ST;ST;336;361;103;70;111;343;94;72;204;330;109;80
360;DR;DR;DR;ST;ST;ST;336;361;103;70;111;343;94;72;204;330;109;80
361;DR;DR;DR;ST;ST;ST;336;361;103;70;111;343;94;72;204;330;109;80
362;DR;DR;DR;ST;ST;ST;336;361;103;70;111;343;94;72;204;330;109;80
363;DR;DR;DR;ST;ST;ST;336;361;103;70;111;343;94;72;204;330;109;80
364;DR;DR;DR;ST;ST;ST;336;361;103;70;111;343;94;72;204;330;109;80
365;DR;DR;DR;ST;ST;ST;336;361;103;70;111;343;94;72;204;330;109;80
366;DR;DR;DR;ST;ST;ST;336;361;103;70;111;343;94;72;204;330;109;80
367;DR;DR;DR;ST;ST;ST;336;361;103;70;111;343;94;72;204;330;109;80
368;DR;DR;DR;ST;ST;ST;336;361;103;70;111;343;94;72;204;330;109;80
369;DR;DR;DR;ST;ST;ST;336;361;103;70;111;343;94;72;204;330;109;80
370;DR;DR;DR;ST;ST;ST;336;361;103;70;111;343;94;72;204;330;109;80
371;DR;DR;DR;ST;ST;ST;336;361;103;70;111;343;94;72;204;330;109;80
372;DR;DR;DR;ST;ST;ST;336;361;103;70;111;343;94;72;204;330;109;80
373;DR;DR;DR;ST;ST;ST;336;361;103;70;111;343;94;72;204;330;109;80
374;DR;DR;DR;ST;ST;ST;336;361;103;70;111;343;94;72;204;330;109;80
